A;1;A1
A;2;A2
A;3;A3
A;4;A4
A;5;A5
A;6;A6
A;7;A7
A;8;A8
A;9;A9
A;10;A10
A;11;A11
A;12;A12
A;13;A13
A;14;A14
A;15;A15
A;16;A16
A;17;A17
B;1;B1
B;2;B2
B;3;B3
B;4;B4
B;5;B5
B;6;B6
B;7;B7
B;8;B8
B;9;B9
B;10;B10
B;11;B11
B;12;B12
B;13;B13
B;14;B14
B;15;B15
C;1;C1
C;2;C2
C;3;C3
C;4;C4
C;5;C5
C;6;C6
C;7;C7
C;8;C8
C;9;C9
C;10;C10
C;11;C11
C;12;C12
C;13;C13
C;14;C14
D;1;D1
D;2;D2
D;3;D3
D;4;D4
D;5;D5
D;6;D6
D;7;D7
D;8;D8
D;9;D9
D;10;D10
D;11;D11
D;12;D12
D;13;D13
E;1;E1
E;2;E2
E;3;E3
E;4;E4
E;5;E5
E;6;E6
E;7;E7
E;8;E8
E;9;E9
E;10;E10
E;11;E11
E;12;E12
E;13;E13
E;14;E14
E;15;E15
E;16;E16
E;17;E17
E;18;E18
E;19;E19
E;20;E20
E;21;E21
E;22;E22
E;23;E23
E;24;E24
E;25;E25
E;26;E26
E;27;E27
E;28;E28
F;1;F1
F;2;F2
F;3;F3
F;4;F4
F;5;F5
F;6;F6
F;7;F7
F;8;F8
F;9;F9
F;10;F10
F;11;F11
F;12;F12
F;13;F13
F;14;F14
F;15;F15
F;16;F16
G;1;G1
G;2;G2
G;3;G3
G;4;G4
G;5;G5
G;6;G6
G;7;G7
G;8;G8
G;9;G9
G;10;G10
G;11;G11
G;12;G12
G;13;G13
G;14;G14
G;15;G15
G;16;G16
G;17;G17
G;18;G18
G;19;G19
G;20;G20
G;21;G21
G;22;G22
G;23;G23
G;24;G24
G;25;G25
G;26;G26
G;27;G27
G;28;G28
G;29;G29
G;30;G30
H;1;H1
H;2;H2
H;3;H3
H;4;H4
H;5;H5
H;6;H6
H;7;H7
H;8;H8
H;9;H9
H;10;H10
H;11;H11
H;12;H12
H;13;H13
H;14;H14
H;15;H15
H;16;H16
H;17;H17
H;18;H18
H;19;H19
H;20;H20
H;21;H21
H;22;H22
H;23;H23
H;24;H24
H;25;H25
H;26;H26
H;27;H27
H;28;H28
H;29;H29
H;30;H30
H;31;H31
I;1;I1
I;2;I2
I;3;I3
I;4;I4
I;5;I5
I;6;I6
I;7;I7
I;8;I8
I;9;I9
I;10;I10
I;11;I11
I;12;I12
I;13;I13
I;14;I14
I;15;I15
I;16;I16
I;17;I17
I;18;I18
I;19;I19
I;20;I20
I;21;I21
I;22;I22
I;23;I23
I;24;I24
I;25;I25
I;26;I26
I;27;I27
I;28;I28
I;29;I29
J;1;J1
J;2;J2
J;3;J3
J;4;J4
J;5;J5
J;6;J6
J;7;J7
J;8;J8
J;9;J9
J;10;J10
J;11;J11
J;12;J12
J;13;J13
J;14;J14
J;15;J15
J;16;J16
J;17;J17
J;18;J18
J;19;J19
J;20;J20
J;21;J21
J;22;J22
J;23;J23
J;24;J24
J;25;J25
J;26;J26
J;27;J27
J;28;J28
J;29;J29
J;30;J30
K;1;K1
K;2;K2
K;3;K3
K;4;K4
K;5;K5
K;6;K6
K;7;K7
K;8;K8
K;9;K9
K;10;K10
K;11;K11
K;12;K12
K;13;K13
K;14;K14
K;15;K15
K;16;K16
K;17;K17
K;18;K18
K;19;K19
K;20;K20
K;21;K21
K;22;K22
K;23;K23
K;24;K24
K;25;K25
K;26;K26
K;27;K27
K;28;K28
L;1;L1
L;2;L2
L;3;L3
L;4;L4
L;5;L5
L;6;L6
L;7;L7
L;8;L8
L;9;L9
L;10;L10
L;11;L11
L;12;L12
L;13;L13
L;14;L14
L;15;L15
L;16;L16
L;17;L17
L;18;L18
L;19;L19
L;20;L20
L;21;L21
L;22;L22
L;23;L23
L;24;L24
L;25;L25
L;26;L26
L;27;L27
L;28;L28
L;29;L29
L;30;L30
